<beans xmlns="http://www.springframework.org/schema/beans"
       xmlns:xsi="http://www.w3.org/2001/XMLSchema-instance"
       xmlns:context="http://www.springframework.org/schema/context"
       xsi:schemaLocation="http://www.springframework.org/schema/beans 
           http://www.springframework.org/schema/beans/spring-beans-3.0.xsd
           http://www.springframework.org/schema/context
           http://www.springframework.org/schema/context/spring-context-3.0.xsd">
           <bean id="students" class="org.niit.autowiringspring.Students" autowire="byname">
           </bean>
           
           <bean id="std1" class="org.niit.autowiring.Student">
           
           <property name="name" value="varshitha"></property>
           <property name="marks" value="22"></property>
           </bean>
           <bean id="std2" class ="org.niit.autowiring.Student">
           <property name="name" value="karthik"></property>
           <property name="age" value="21"></property>
           </bean>
            <bean id="std3" class ="org.niit.autowiring.Student">
           <property name="name" value="samatha"></property>
           <property name="age" value="20"></property>
           </bean>
           </beans>